{
  "Age at Index": {
    "50-64 Years": 25.9889610654,
    "65-74 Years": 17.3029197575,
    "85+ Years": 15.5304519996,
    "75-84 Years": 11.8539714398,
    "40-49 Years": 11.2721897503,
    "30-39 Years": 9.4020803103,
    "18-29 Years": 6.8023705231,
    "0-4 Years": 0.7702843814,
    "5-11 Years": 0.4176894181,
    "16-17 Years": 0.3295406773,
    "12-15 Years": 0.3295406773
  },
  "Race": {
    "White": 50.9879561988,
    "Black": 31.3229956108,
    "Not reported": 8.8726212354,
    "Asian": 5.3339003387,
    "Multiple or Other": 2.9858906793,
    "American Indian or Alaska Native": 0.2566711723,
    "Native Hawaiian or Other Pacific Islander": 0.2399647647
  },
  "Ethnicity": {
    "Not Hispanic or Latino": 81.65081814,
    "Not reported": 10.3354151523,
    "Hispanic or Latino": 8.0137667077
  },
  "Sex": {
    "Female": 50.9041819342,
    "Male": 49.0661484372,
    "Not reported": 0.0296696287
  }
}
